"Geneid","AA1","AA2","AA3","AE1","AE2","AE3","AN1","AN2","AN3","NA1","NA2","NA3","NE1","NE2","NE3","NN1","NN2","NN3"
"NW_003566042.1_27065",35,115,115,76,87,102,68,108,92,87,43,108,93,107,113,67,78,83
"NC_015768.1_8919",25,81,81,68,56,78,49,96,67,73,35,90,68,81,98,52,63,70
"NC_015768.1_9018",40,71,71,59,57,46,54,70,59,72,37,74,56,74,81,45,51,55
"NC_015773.1_15217",32,56,56,52,48,40,43,53,48,56,32,58,44,57,65,34,42,48
"NC_015762.1_225",26,58,58,45,61,52,41,56,41,61,29,49,52,45,45,31,49,44
"NC_015779.1_20133",11,48,48,24,37,37,27,34,31,42,13,40,49,36,43,20,22,25
"NC_015767.1_7487",15,35,35,20,28,29,14,42,34,25,20,40,19,40,52,19,23,40
"NW_003565557.1_23768",13,24,24,19,30,26,18,25,27,25,19,21,20,23,26,19,19,22
"NC_015778.1_18654",12,24,24,20,18,17,17,23,23,22,17,18,11,23,25,14,18,22
"NC_015762.1_881",8,19,19,19,20,22,11,24,22,17,13,15,19,22,25,18,26,18
"NC_015770.1_11127",8,22,22,18,15,13,13,21,20,17,16,22,14,20,30,17,17,19
"NC_015776.1_17426",31,16,16,8,9,23,17,34,24,10,21,16,8,21,28,17,13,9
"NW_003565557.1_23765",11,20,20,18,16,21,18,21,18,18,14,19,22,18,21,10,13,15
"NC_015764.1_4737",9,18,18,14,9,12,20,24,23,16,8,14,11,16,28,18,16,14
"NC_015775.1_16690",8,15,15,16,15,15,13,16,13,17,8,13,20,16,22,18,14,15
"NC_015770.1_11007",7,19,19,16,11,13,12,18,18,14,10,12,18,15,17,14,15,17
"NW_003566482.1_35536",24,10,10,15,5,13,18,12,14,8,18,9,5,12,15,9,17,12
"NC_015766.1_6555",3,12,12,17,17,10,11,15,8,13,7,21,11,18,14,5,8,11
"NC_015763.1_1674",3,12,12,16,10,13,7,12,6,16,4,12,16,14,23,8,9,11
"NC_015773.1_14950",7,17,17,9,10,11,4,18,11,11,7,17,5,15,18,5,9,11
"NC_015768.1_9545",9,13,13,12,7,9,11,12,13,9,6,14,8,14,23,10,8,7
"NC_015772.1_12954",5,15,15,9,11,7,11,14,6,7,12,10,8,14,15,5,9,8
"NC_015766.1_6726",6,8,8,11,6,10,11,11,10,11,5,11,12,12,13,10,10,10
"NC_015764.1_4905",4,10,10,8,11,7,6,13,9,11,5,13,14,7,15,6,10,7
"NC_015764.1_3243",3,10,10,7,11,8,7,8,7,14,5,13,12,11,14,4,11,11
"NC_015774.1_15791",2,14,14,6,11,10,8,11,8,10,6,10,9,11,12,6,8,6
"NW_003565622.1_24102",2,10,10,8,9,10,7,9,9,11,7,10,8,9,9,7,10,9
"NC_015763.1_2043",5,9,9,8,12,12,7,7,10,8,3,10,8,10,15,4,7,8
"NC_015771.1_12578",3,12,12,8,6,5,7,13,7,6,4,7,6,9,11,10,6,5
"NC_015763.1_2525",2,10,10,4,6,5,3,10,8,8,7,7,7,10,10,4,8,7
"NC_015778.1_18622",9,6,6,6,5,8,8,5,4,5,13,7,3,8,5,6,5,9
"NC_015775.1_15833",2,6,6,5,8,8,7,7,5,9,3,11,7,8,9,6,5,2
"NC_015777.1_17792",2,5,5,6,8,5,8,6,6,6,5,7,7,6,9,3,6,5
"NC_015770.1_11565",2,5,5,5,5,4,6,6,5,5,5,7,7,6,8,3,5,8
"NC_015775.1_15945",2,6,6,6,5,5,4,5,6,5,3,9,4,6,3,7,5,6
"NC_015764.1_4770",1,5,5,6,3,7,5,3,5,6,4,7,9,6,7,4,5,5
"NC_015768.1_9542",2,8,8,5,6,8,1,9,3,3,1,5,6,7,11,1,3,5
"NC_015770.1_11101",3,9,9,4,10,6,4,4,4,3,4,3,7,5,5,7,3,2
"NC_015777.1_18004",3,7,7,4,5,6,5,5,5,4,3,5,5,5,5,4,4,4
"NC_015762.1_1563",3,4,4,2,5,5,3,9,4,5,4,4,5,8,7,3,4,6
"NC_015773.1_15282",6,2,2,8,1,4,4,4,6,4,2,8,5,1,11,3,3,9
"NW_003566306.1_32711",2,6,6,6,7,2,3,5,5,5,3,5,4,7,5,2,3,4
"NC_015762.1_411",8,5,5,3,4,6,3,5,3,3,10,4,3,5,5,3,4,1
"NC_015765.1_5626",2,4,4,4,3,7,4,3,3,5,3,5,4,8,5,4,5,3
"NC_015777.1_17816",2,5,5,3,5,2,3,5,5,4,3,6,2,7,6,2,4,3
"NC_015775.1_16002",1,9,9,3,4,3,3,3,5,5,1,5,7,3,4,2,1,3
"NC_015772.1_12952",3,4,4,4,3,3,2,4,2,2,4,2,6,9,6,3,3,3
"NC_015779.1_19418",3,3,3,3,4,3,2,5,4,3,4,7,4,3,5,3,3,4
"NC_015776.1_16887",2,6,6,2,4,3,4,6,1,5,1,3,2,1,5,3,4,7
"NC_015777.1_18125",3,4,4,4,1,4,4,4,1,2,4,3,3,4,4,4,5,4
"NC_015770.1_11359",2,5,5,4,4,4,2,3,3,4,0,5,5,3,4,3,3,2
"NC_015765.1_5917",4,2,2,4,1,5,4,4,3,2,3,2,1,5,4,2,4,5
"NC_015766.1_7286",0,3,3,3,4,2,5,3,2,3,1,3,6,4,4,2,5,2
"NC_015768.1_8751",2,7,7,4,2,1,2,4,2,1,2,3,2,4,4,2,1,1
"NC_015771.1_12324",1,3,3,1,1,3,3,1,3,4,3,4,2,4,3,2,5,3
"NC_015771.1_12531",0,2,2,1,1,4,3,4,1,3,2,4,3,2,4,4,4,3
"NC_015763.1_2111",3,3,3,2,1,3,2,2,2,2,3,3,1,2,3,4,3,2
"NC_015771.1_11825",9,1,1,3,0,3,2,0,3,0,15,1,1,0,0,1,1,2
"NC_015779.1_19224",1,2,2,2,2,2,5,3,3,2,1,1,3,3,4,1,3,2
"NC_015762.1_950",1,5,5,2,1,3,2,0,2,1,4,2,2,2,5,0,1,1
"NC_015776.1_17387",1,5,5,2,1,3,2,0,2,1,4,2,2,2,5,0,1,1
"NW_003565780.1_24647",0,2,2,2,2,2,2,7,1,3,1,2,1,3,2,2,1,2
"NC_015776.1_17014",3,2,2,3,3,1,2,2,1,1,1,2,2,4,4,2,1,1
"NC_015771.1_12641",1,2,2,1,1,1,1,4,2,2,3,1,1,4,3,1,1,5
"NC_015769.1_10293",1,3,3,6,0,1,2,3,1,2,0,2,2,1,3,0,2,3
"NC_015773.1_14825",1,4,4,2,1,3,1,2,1,2,1,1,2,3,3,1,1,1
"NC_015762.1_207",1,2,2,1,1,3,0,2,4,1,3,3,1,2,3,0,2,2
"NC_015765.1_6073",2,2,2,1,0,1,1,0,2,3,1,2,3,1,4,2,3,2
"NW_003565407.1_20904",2,2,2,1,1,2,0,3,2,2,2,2,2,2,3,1,1,2
"NC_015771.1_12555",0,2,2,2,3,2,1,1,1,1,0,4,1,4,3,0,1,2
"NC_015772.1_14283",1,3,3,2,2,2,2,1,1,2,2,1,0,1,2,1,1,3
"NC_015770.1_11543",1,2,2,0,3,3,3,0,3,3,1,1,1,0,1,0,1,2
"NC_015778.1_18711",2,0,0,2,1,1,3,0,1,0,8,0,0,1,2,1,3,2
"NC_015773.1_14909",0,2,2,2,2,3,0,0,2,2,1,4,1,2,1,0,0,2
"NC_015778.1_18507",5,0,0,1,1,2,1,1,1,0,7,1,2,1,0,1,1,0
"NW_003566517.1_35990",0,1,1,1,0,2,1,2,2,3,1,2,1,2,2,0,2,2
"NC_015764.1_2715",0,3,3,0,1,2,1,2,1,1,0,1,0,2,3,2,2,1
"NC_015779.1_20709",2,1,1,3,1,3,1,1,3,2,1,0,0,0,2,1,3,0
"NC_015768.1_8194",0,2,2,1,1,0,1,2,2,2,1,2,3,2,1,1,1,0
"NC_015763.1_2359",0,1,1,4,1,1,2,3,0,1,1,1,2,2,1,1,0,1
"NC_015776.1_17093",3,0,0,1,0,2,3,1,1,0,3,1,0,1,2,0,2,1
"NC_015777.1_17836",1,1,1,1,1,3,0,2,1,0,1,2,0,1,2,1,2,0
"NC_015779.1_20245",1,1,1,1,0,1,0,0,2,1,1,2,1,2,3,1,1,1
"NC_015764.1_3752",0,1,1,2,2,1,0,1,1,1,2,1,2,1,1,1,1,0
"NW_003565414.1_21483",2,0,0,1,0,0,2,1,2,1,3,0,0,1,2,1,2,1
"NC_015766.1_7282",0,2,2,0,2,0,1,1,1,2,1,1,1,1,2,1,0,0
"NC_015774.1_15681",0,1,1,1,1,1,0,1,1,1,0,1,2,1,2,0,2,1
"NC_015762.1_371",0,1,1,0,0,2,1,1,2,1,2,1,3,0,0,1,1,0
"NC_015772.1_14281",0,1,1,0,1,1,4,0,2,1,1,0,0,1,3,0,0,1
"NC_015773.1_15324",0,1,1,1,0,1,2,1,1,1,1,1,2,0,2,1,0,1
"NW_003566384.1_33834",0,1,1,0,1,2,2,1,0,0,1,1,3,2,0,0,2,0
"NC_015768.1_8638",0,1,1,2,1,0,1,1,0,0,0,1,1,2,2,1,1,1
"NC_015770.1_11563",0,0,0,0,1,1,0,1,1,2,1,1,1,2,1,0,2,2
"NC_015776.1_17095",2,0,0,1,1,1,1,0,2,1,2,0,0,0,0,3,1,1
"NW_003566335.1_32864",0,1,1,2,0,1,0,2,2,2,0,2,1,0,1,0,1,0
"NC_015776.1_17097",3,1,1,0,0,1,1,1,1,0,3,0,0,0,0,1,2,0
"NC_015771.1_12616",0,1,1,0,3,2,1,1,0,0,0,0,0,2,2,0,1,0
"NC_015770.1_11574",0,2,2,0,1,0,1,0,0,1,1,0,0,0,3,1,1,1
"NC_015775.1_15859",2,1,1,0,0,0,0,3,1,1,2,1,0,1,0,0,0,1
"NC_015768.1_8673",0,1,1,1,1,1,1,0,0,1,1,1,1,0,2,0,0,1
"NC_015777.1_17841",0,1,1,1,1,0,0,0,1,1,0,2,2,1,1,1,0,0
"NW_003566126.1_28479",0,1,1,0,0,1,1,0,3,1,1,0,0,0,0,1,2,1
"NC_015764.1_2714",0,1,1,1,0,0,1,0,1,1,0,2,0,0,1,1,1,1
"NC_015769.1_9986",0,1,1,0,0,0,0,0,3,1,0,0,2,1,2,0,0,1
"NW_003565435.1_22454",0,0,0,0,1,1,0,1,0,2,0,3,0,2,0,0,1,1
"NW_003566485.1_35544",0,0,0,0,1,0,0,1,0,2,0,2,2,1,1,0,0,2
"NC_015772.1_14138",0,1,1,2,1,0,1,2,0,0,0,1,1,0,1,0,0,0
"NC_015779.1_19372",0,2,2,0,0,0,0,0,0,0,0,1,0,2,1,0,2,1
"NC_015762.1_30",0,2,2,1,0,1,0,1,0,0,0,0,0,1,2,0,0,0
"NW_003566542.1_36450",0,0,0,2,0,0,1,1,1,0,0,1,0,2,1,0,0,1
"NW_003568513.1_40702",1,0,0,1,0,1,2,0,2,0,1,0,0,1,0,0,0,0
"NC_015764.1_2730",0,0,0,0,0,1,0,0,1,0,1,2,0,0,2,1,0,1
"NC_015763.1_2045",0,0,0,0,0,0,0,1,0,1,2,1,3,0,0,0,0,0
"NC_015766.1_7106",0,1,1,1,0,0,1,0,0,0,0,0,1,0,2,0,0,1
"NC_015771.1_11960",0,1,1,0,0,1,0,0,0,0,0,1,1,1,1,0,0,1
"NC_015763.1_1853",0,0,0,2,1,0,0,0,0,1,0,0,0,1,0,2,0,0
"NC_015768.1_8462",1,0,0,0,1,0,0,1,2,0,0,0,0,1,0,0,0,1
"NC_015770.1_10915",0,1,1,0,0,0,1,0,0,0,1,0,1,0,1,0,0,1
"NC_015771.1_12187",1,0,0,0,1,1,0,0,1,0,0,1,1,0,0,1,0,0
"NC_015774.1_15535",0,0,0,0,0,0,1,1,1,2,0,0,0,1,1,0,0,0
"NW_003566045.1_27491",0,0,0,1,0,0,2,0,0,0,2,0,1,1,0,0,0,0
"NW_003566135.1_29662",0,1,1,0,1,0,0,1,0,0,0,1,1,0,0,1,0,0
"NC_015768.1_8454",1,0,0,0,0,0,0,0,0,1,0,2,0,1,0,1,0,0
"NC_015768.1_9193",0,0,0,0,0,1,1,0,1,1,1,0,0,0,1,0,0,0
"NC_015770.1_11130",0,0,0,0,1,0,0,1,0,1,0,0,1,0,0,1,0,1
"NC_015775.1_16117",0,1,1,0,1,1,0,0,1,0,0,0,0,1,0,0,0,0
"NW_003566132.1_28666",0,0,0,1,0,0,1,0,1,0,1,1,0,0,1,0,0,0
"NC_015763.1_1945",0,1,1,0,0,0,0,0,1,0,0,0,0,0,1,0,1,0
"NC_015767.1_7687",0,1,1,0,0,0,0,0,0,1,0,0,0,2,0,0,0,0
"NC_015772.1_13511",0,1,1,0,0,0,0,0,0,1,0,0,0,1,1,0,0,0
"NC_015775.1_15960",0,1,1,0,0,0,0,0,0,1,1,0,0,1,0,0,0,0
"NW_003566135.1_29700",0,2,2,0,0,0,0,0,0,0,0,0,0,0,1,0,0,0
"NW_003566591.1_37095",0,0,0,1,1,0,0,0,0,1,0,0,0,0,1,1,0,0
"NW_003570406.1_44540",0,0,0,0,0,0,1,0,0,1,1,0,1,1,0,0,0,0
"NC_015770.1_10828",0,0,0,2,0,0,0,0,0,1,0,1,0,0,0,0,0,0
"NC_015763.1_2262",0,2,2,0,0,0,0,0,0,0,0,0,0,0,0,0,0,0
"NC_015764.1_3821",0,1,1,0,0,0,0,0,0,0,0,0,0,0,1,0,0,1
"NC_015766.1_7279",0,0,0,1,0,0,0,0,0,0,1,0,1,1,0,0,0,0
"NW_003565407.1_20889",0,0,0,0,1,1,0,0,1,0,0,0,0,0,1,0,0,0
"NW_003570962.1_45692",0,0,0,0,0,1,1,0,0,0,0,1,0,0,0,0,1,0
"NC_015764.1_3678",1,1,1,0,0,0,0,0,0,0,0,0,0,0,0,0,0,0
"NC_015768.1_9181",0,0,0,1,0,0,0,0,0,0,0,0,0,1,1,0,0,0
"NC_015769.1_9951",0,1,1,0,0,0,0,0,1,0,0,0,0,0,0,0,0,0
"NW_003566392.1_34015",0,0,0,0,1,0,0,0,1,0,0,0,1,0,0,0,0,0
"NC_015762.1_1158",0,0,0,0,0,0,0,0,0,1,0,0,1,0,0,0,0,0
"NC_015762.1_1579",0,1,1,0,0,0,0,0,0,0,0,0,0,0,0,0,0,0
"NC_015763.1_1875",0,1,1,0,0,0,0,0,0,0,0,0,0,0,0,0,0,0
"NC_015764.1_2685",0,0,0,0,0,0,0,0,0,0,0,1,0,0,0,0,1,0
"NC_015765.1_5440",0,0,0,0,0,0,1,0,0,0,0,0,0,0,0,0,1,0
"NC_015768.1_9558",0,0,0,0,0,0,0,0,0,0,0,1,0,0,1,0,0,0
"NC_015770.1_11110",0,0,0,0,1,0,0,0,0,0,0,1,0,0,0,0,0,0
"NC_015771.1_11878",0,1,1,0,0,0,0,0,0,0,0,0,0,0,0,0,0,0
"NC_015771.1_12058",0,0,0,0,1,0,0,0,0,0,0,0,0,1,0,0,0,0
"NC_015773.1_15277",0,0,0,0,0,0,0,0,0,1,0,1,0,0,0,0,0,0
"NC_015774.1_15754",0,0,0,0,0,0,1,0,0,1,0,0,0,0,0,0,0,0
"NC_015776.1_17001",0,0,0,0,1,0,1,0,0,0,0,0,0,0,0,0,0,0
"NC_015776.1_17106",0,0,0,0,0,0,0,0,1,1,0,0,0,0,0,0,0,0
"NC_015776.1_17375",0,0,0,0,0,1,1,0,0,0,0,0,0,0,0,0,0,0
"NW_003566214.1_31973",0,0,0,0,0,0,0,1,0,0,1,0,0,0,0,0,0,0
"NC_015776.1_17247",0,0,0,0,0,0,0,0,0,0,1,0,0,0,0,0,0,0
"NC_015763.1_1874",0,0,0,0,0,0,0,0,0,0,0,0,0,0,0,0,0,1
"NC_015763.1_2358",1,0,0,0,0,0,0,0,0,0,0,0,0,0,0,0,0,0
"NC_015764.1_2747",0,0,0,0,0,0,0,0,0,0,1,0,0,0,0,0,0,0
"NC_015764.1_3417",0,0,0,0,1,0,0,0,0,0,0,0,0,0,0,0,0,0
"NC_015764.1_3778",0,0,0,0,0,0,0,0,0,0,0,0,0,0,1,0,0,0
"NC_015765.1_6266",0,0,0,0,0,0,0,0,0,0,1,0,0,0,0,0,0,0
"NC_015768.1_8906",0,0,0,0,0,0,0,0,1,0,0,0,0,0,0,0,0,0
"NC_015769.1_10141",0,0,0,0,0,0,0,0,0,0,0,0,0,0,0,1,0,0
"NC_015771.1_11799",0,0,0,0,0,0,0,0,0,0,1,0,0,0,0,0,0,0
"NC_015771.1_11876",0,0,0,0,0,0,0,0,0,0,0,0,0,1,0,0,0,0
"NC_015772.1_13009",0,0,0,0,0,0,0,0,0,0,0,0,0,0,1,0,0,0
"NC_015772.1_13116",0,0,0,0,0,0,0,0,0,0,0,0,0,0,0,0,1,0
"NC_015772.1_14369",0,0,0,0,0,0,0,1,0,0,0,0,0,0,0,0,0,0
"NC_015775.1_16799",0,0,0,0,0,0,0,0,0,1,0,0,0,0,0,0,0,0
"NC_015777.1_17812",0,0,0,0,0,0,0,0,0,0,0,0,0,0,1,0,0,0
"NC_015779.1_19215",0,0,0,0,0,1,0,0,0,0,0,0,0,0,0,0,0,0
"NC_015779.1_19232",0,0,0,0,0,0,0,0,0,0,0,0,1,0,0,0,0,0
"NW_003565411.1_21273",0,0,0,0,0,0,0,0,0,0,0,0,0,0,0,0,1,0
"NW_003565411.1_21303",0,0,0,0,0,0,0,0,0,0,0,0,0,0,0,0,1,0
"NW_003565415.1_21914",1,0,0,0,0,0,0,0,0,0,0,0,0,0,0,0,0,0
"NW_003566053.1_27576",0,0,0,1,0,0,0,0,0,0,0,0,0,0,0,0,0,0
"NW_003566214.1_31955",1,0,0,0,0,0,0,0,0,0,0,0,0,0,0,0,0,0
"NW_003566384.1_33506",0,0,0,1,0,0,0,0,0,0,0,0,0,0,0,0,0,0
"NW_003566384.1_33524",0,0,0,0,0,0,0,0,0,0,0,0,1,0,0,0,0,0
"NW_003566384.1_33849",0,0,0,0,0,0,0,0,0,0,0,0,0,0,1,0,0,0
"NW_003566430.1_34959",0,0,0,0,0,0,0,0,0,0,1,0,0,0,0,0,0,0
"NW_003570602.1_44886",0,0,0,1,0,0,0,0,0,0,0,0,0,0,0,0,0,0
"NW_003565557.1_23767",352,524,524,446,484,496,417,505,459,500,352,489,544,511,544,391,438,456
"NC_015778.1_19067",98,235,235,221,218,204,174,218,220,222,155,239,198,264,238,160,201,232
"NC_015778.1_19091",98,235,235,221,218,204,174,218,220,222,155,239,198,264,238,160,201,232
"NC_015777.1_17982",74,142,142,146,142,124,118,138,146,147,98,174,136,145,126,97,132,155
"NC_015769.1_10265",57,157,157,135,132,129,111,136,130,148,71,168,175,125,100,79,106,129
"NC_015768.1_8762",29,55,55,58,47,35,47,48,46,49,35,72,58,56,45,38,42,47
"NC_015775.1_15930",22,29,29,35,38,30,28,35,22,31,22,42,25,34,37,24,25,35
"NW_003566485.1_35543",15,33,33,29,22,23,21,31,34,28,23,30,22,35,46,24,24,27
"NC_015768.1_8742",11,24,24,35,39,19,26,14,45,26,26,37,17,34,35,10,33,43
"NC_015777.1_18106",13,28,28,24,21,21,20,25,25,25,18,29,27,25,27,20,21,23
"NW_003566135.1_29570",15,30,30,32,26,14,16,35,19,25,7,21,21,30,29,23,26,20
"NC_015779.1_19417",15,21,21,25,26,24,19,18,22,25,21,29,27,29,26,15,25,26
"NC_015768.1_9671",27,16,16,23,14,25,24,28,20,18,28,19,14,24,19,14,22,22
"NW_003566457.1_35404",9,23,23,22,30,23,15,25,27,23,9,27,13,26,31,4,15,23
"NC_015772.1_12953",11,21,21,18,21,17,20,22,18,17,14,18,17,17,16,15,17,20
"NC_015776.1_17020",8,15,15,24,20,19,14,21,12,18,10,20,23,18,31,13,19,14
"NC_015778.1_19131",11,17,17,16,18,17,13,25,14,20,11,22,16,15,21,13,11,17
"NW_003565985.1_26226",9,16,16,15,17,13,12,15,13,18,15,18,20,17,20,8,12,16
"NC_015764.1_3536",7,19,19,15,11,15,12,13,10,12,8,12,17,14,16,4,14,16
"NC_015771.1_11614",11,15,15,19,11,9,8,8,15,12,9,12,12,14,15,4,8,15
"NW_003566109.1_28148",11,7,7,15,10,10,16,9,14,9,20,10,8,16,10,8,11,11
"NC_015770.1_11311",8,12,12,8,11,8,14,14,11,11,9,10,11,14,15,10,15,8
"NC_015769.1_9952",5,11,11,8,12,9,5,12,11,8,7,14,10,10,15,2,11,6
"NC_015763.1_2034",6,15,15,10,9,9,7,10,7,10,5,8,13,9,11,3,8,11
"NW_003565831.1_24775",3,8,8,10,10,11,7,7,9,11,6,11,9,13,11,3,8,6
"NC_015771.1_11607",3,10,10,8,8,7,6,6,6,10,5,12,8,12,10,7,8,10
"NW_003565831.1_24776",3,8,8,8,9,10,7,7,9,10,5,11,6,12,11,3,7,6
"NW_003565438.1_22525",3,9,9,3,10,4,7,10,6,7,5,5,11,10,13,6,5,10
"NC_015764.1_4769",5,6,6,8,8,6,5,8,8,11,4,12,8,7,6,4,6,7
"NW_003565435.1_22459",1,8,8,4,8,5,3,5,7,6,3,9,9,6,10,6,4,5
"NW_003566135.1_29610",6,4,4,6,5,4,11,7,8,4,13,2,3,7,4,7,5,6
"NC_015767.1_7542",0,5,5,4,9,6,5,8,7,6,2,10,11,4,3,4,6,10
"NC_015768.1_9702",1,9,9,5,8,4,4,8,4,10,4,2,7,7,9,4,5,5
"NC_015776.1_17019",4,4,4,8,5,3,7,8,6,5,3,5,8,6,10,7,4,6
"NC_015776.1_16882",3,7,7,6,6,5,6,7,6,7,4,4,6,5,8,5,5,5
"NC_015764.1_3984",2,8,8,8,7,7,4,5,8,6,0,6,3,7,10,1,4,6
"NC_015775.1_16706",1,8,8,5,6,4,7,9,5,6,1,5,6,9,5,3,3,7
"NC_015776.1_17600",1,4,4,4,7,6,5,5,5,7,1,8,15,6,4,2,3,8
"NC_015772.1_13115",0,5,5,6,3,4,7,7,3,4,3,7,10,4,10,5,5,6
"NC_015762.1_892",2,8,8,6,5,5,6,5,3,3,5,4,4,8,6,3,5,5
"NW_003565435.1_22460",1,6,6,5,4,6,4,6,4,6,2,10,7,5,6,3,4,4
"NC_015776.1_17615",3,5,5,6,2,3,4,6,6,4,3,7,2,8,6,6,2,4
"NC_015764.1_2713",2,7,7,4,4,5,3,4,3,8,3,5,2,6,6,4,3,3
"NW_003565438.1_22557",1,3,3,6,8,5,4,6,5,3,2,5,1,5,4,1,4,5
"NW_003565785.1_24658",7,4,4,3,3,4,5,6,3,2,7,3,1,6,5,3,4,1
"NC_015773.1_14556",1,4,4,8,7,2,3,3,4,5,1,4,3,5,4,0,3,4
"NC_015774.1_15755",2,4,4,3,3,4,4,4,5,3,2,4,4,3,5,1,3,3
"NW_003566517.1_35976",0,6,6,2,4,2,4,5,7,4,2,2,2,3,4,1,3,4
"NC_015777.1_17843",0,4,4,5,7,4,2,3,6,6,2,4,3,1,3,0,2,4
"NC_015766.1_7048",1,7,7,2,3,2,2,4,3,3,1,3,3,4,3,1,1,6
"NC_015765.1_5509",0,4,4,4,4,1,2,4,2,5,1,5,5,3,4,2,3,2
"NC_015767.1_8061",4,3,3,3,3,3,2,4,3,2,2,6,3,5,2,2,3,2
"NC_015770.1_10579",2,6,6,3,4,3,1,3,2,4,0,4,1,4,3,2,5,1
"NW_003566116.1_28314",1,2,2,5,3,2,4,2,5,4,5,2,1,2,3,1,5,4
"NC_015765.1_5971",1,5,5,1,6,3,1,3,2,6,1,5,0,3,4,1,1,4
"NW_003566535.1_36387",0,2,2,5,3,2,3,2,2,5,2,3,3,4,6,1,2,5
"NC_015762.1_1517",2,5,5,1,2,3,5,2,2,2,2,4,2,5,1,3,3,2
"NC_015775.1_16353",1,3,3,2,3,2,3,3,2,3,1,6,6,5,3,1,1,3
"NC_015762.1_85",1,2,2,3,3,3,2,4,4,4,2,3,2,2,5,3,2,2
"NC_015776.1_17245",1,3,3,6,3,2,0,3,4,2,1,3,3,6,1,1,2,5
"NC_015774.1_15409",1,4,4,6,1,1,4,5,4,3,1,1,1,1,5,2,3,1
"NC_015762.1_1265",2,4,4,2,2,3,2,2,3,3,1,2,2,2,4,2,3,3
"NC_015771.1_12511",1,3,3,6,2,3,3,1,1,2,0,5,0,5,2,3,2,3
"NC_015762.1_314",0,3,3,3,4,1,2,3,2,2,1,6,4,4,2,0,2,2
"NW_003566214.1_31951",0,1,1,3,0,4,5,2,2,5,4,3,2,2,2,4,2,2
"NC_015771.1_12325",1,2,2,2,4,2,0,4,0,4,4,5,1,2,5,1,3,1
"NC_015777.1_17856",1,3,3,2,3,4,2,3,1,3,1,3,3,4,4,0,1,2
"NC_015769.1_10192",1,0,0,3,0,3,3,6,4,1,4,1,1,3,2,3,3,4
"NC_015770.1_11556",0,3,3,1,1,2,2,3,3,3,4,5,1,2,4,1,1,3
"NC_015767.1_7598",1,3,3,2,4,2,1,2,2,4,1,4,1,4,2,1,2,1
"NC_015773.1_15238",0,2,2,2,5,1,2,2,3,5,2,3,2,2,3,1,2,1
"NW_003566384.1_33820",2,2,2,3,4,3,1,1,1,3,2,2,4,2,3,1,2,2
"NC_015763.1_2311",0,1,1,1,4,3,1,2,5,5,0,3,2,0,3,0,1,7
"NC_015772.1_14088",0,2,2,3,1,2,0,3,2,3,3,3,2,2,2,4,3,1
"NC_015776.1_16987",2,1,1,2,1,2,4,5,1,2,1,2,2,2,3,0,2,5
"NC_015776.1_17416",2,1,1,2,1,2,4,5,1,2,1,2,2,2,3,0,2,5
"NC_015762.1_1136",2,0,0,1,2,4,4,0,5,2,2,1,3,3,1,2,3,2
"NC_015779.1_19248",0,3,3,2,2,2,3,3,0,2,3,1,2,2,5,0,2,2
"NC_015763.1_1720",0,3,3,3,3,2,1,2,2,3,1,1,2,1,4,0,1,4
"NC_015767.1_7711",1,2,2,1,2,3,1,2,1,2,1,3,4,3,5,1,0,1
"NC_015768.1_8329",0,3,3,1,6,3,0,3,2,0,0,2,1,2,4,0,1,4
"NC_015771.1_11753",1,0,0,4,3,5,1,2,2,2,0,2,2,2,5,1,0,3
"NW_003566135.1_29720",4,2,2,2,1,2,4,1,1,2,3,3,1,1,1,1,2,2
"NC_015772.1_13437",0,3,3,1,3,0,1,3,1,3,1,2,1,3,4,2,1,1
"NW_003565933.1_25304",0,3,3,2,2,4,3,4,1,2,1,2,2,2,0,1,0,1
"NC_015764.1_3714",0,0,0,2,1,1,3,4,1,5,0,3,3,2,2,1,0,4
"NC_015765.1_5702",0,1,1,3,1,1,3,3,2,2,3,1,1,3,3,1,1,2
"NC_015778.1_18720",1,1,1,2,2,2,2,3,3,2,1,1,3,2,1,2,2,1
"NC_015762.1_556",2,3,3,2,2,2,0,1,1,2,0,2,3,2,2,1,1,2
"NC_015771.1_12326",1,1,1,2,1,2,0,2,0,4,4,3,1,2,5,0,2,0
"NC_015766.1_7146",1,1,1,6,3,0,1,4,5,0,0,2,0,0,0,5,1,0
"NC_015772.1_14324",1,2,2,1,2,3,0,1,2,3,1,2,2,1,2,2,1,2
"NC_015773.1_15219",1,2,2,1,2,1,0,1,1,1,2,4,3,2,2,2,2,1
"NW_003566858.1_37709",1,3,3,2,1,4,2,2,1,2,1,1,1,2,1,1,1,1
"NC_015776.1_17090",0,3,3,4,2,3,1,0,0,4,0,1,3,1,1,2,1,0
"NC_015776.1_17299",2,1,1,2,2,2,1,1,1,2,2,1,3,0,4,1,2,1
"NC_015775.1_16050",0,3,3,2,2,3,0,1,1,2,0,3,1,1,2,0,2,2
"NC_015777.1_18156",1,2,2,3,2,1,2,1,2,1,0,1,2,3,3,1,0,1
"NC_015762.1_1083",2,2,2,0,4,1,0,1,0,1,1,2,1,1,2,1,2,3
"NC_015764.1_3793",1,4,4,0,2,0,1,0,2,1,0,2,2,1,3,0,0,3
"NC_015765.1_5591",0,1,1,3,2,0,5,0,2,3,0,0,1,1,1,3,3,0
"NC_015764.1_3145",0,1,1,1,2,1,1,1,1,2,1,2,2,1,2,0,3,3
"NC_015767.1_7794",0,1,1,0,2,0,0,2,1,2,2,2,1,3,2,2,2,2
"NC_015771.1_12554",0,1,1,3,1,0,0,0,2,3,0,3,3,1,3,0,1,3
"NW_003566384.1_33535",0,1,1,1,3,2,1,2,2,3,0,1,2,1,3,1,1,0
"NC_015763.1_1871",0,4,4,0,1,0,0,2,0,4,3,0,3,1,0,2,0,0
"NC_015771.1_12287",2,1,1,2,3,1,1,1,1,2,2,1,1,1,1,1,2,0
"NC_015776.1_17742",0,1,1,3,1,2,2,3,0,3,0,2,1,1,1,1,0,2
"NC_015764.1_2743",0,3,3,0,1,2,1,2,0,2,3,1,0,1,1,0,2,1
"NC_015771.1_11999",1,2,2,2,1,1,1,2,1,1,1,2,1,1,1,0,1,2
"NC_015773.1_14833",2,1,1,2,1,0,2,3,1,1,1,2,2,2,0,1,0,1
"NC_015762.1_1235",1,2,2,0,1,0,0,0,1,2,1,1,3,3,2,0,2,1
"NC_015768.1_9202",0,2,2,4,1,0,2,1,1,2,1,2,0,1,0,0,0,3
"NC_015768.1_9556",0,2,2,1,2,3,1,1,2,1,1,3,2,0,1,0,0,0
"NC_015764.1_2728",0,0,0,0,1,7,1,0,0,0,3,1,1,1,1,2,3,0
"NC_015765.1_5900",1,0,0,2,1,1,2,2,1,1,1,1,1,0,3,1,0,3
"NC_015767.1_8163",2,0,0,0,0,0,1,0,0,0,17,0,0,0,0,0,1,0
"NC_015771.1_11680",0,1,1,3,1,1,0,2,2,1,0,3,1,1,1,0,1,2
"NC_015772.1_14087",0,1,1,2,1,1,0,1,2,1,1,2,1,1,1,2,2,1
"NC_015774.1_15567",0,0,0,1,0,2,2,1,0,2,0,1,0,2,2,2,2,4
"NW_003566543.1_36459",2,0,0,1,0,3,1,3,2,1,1,1,0,1,1,2,1,1
"NC_015764.1_3597",0,2,2,2,1,0,1,1,3,1,2,1,1,0,3,0,0,0
"NC_015764.1_4726",0,2,2,2,1,0,2,0,2,1,0,0,0,1,2,1,2,2
"NC_015768.1_8332",1,3,3,0,3,2,1,0,1,0,0,0,2,1,2,0,1,0
"NC_015775.1_16488",0,2,2,1,1,0,0,2,2,4,0,1,2,0,1,0,1,1
"NC_015763.1_1766",0,0,0,2,2,1,1,3,1,2,0,2,1,1,1,0,2,0
"NC_015764.1_3676",0,1,1,0,2,0,0,1,3,1,1,3,0,2,3,1,0,0
"NC_015769.1_10475",0,2,2,1,0,2,0,2,1,0,1,2,0,3,2,0,0,1
"NC_015770.1_10730",0,1,1,1,2,0,1,1,2,1,0,1,1,1,1,2,1,2
"NC_015770.1_10999",0,2,2,2,1,1,1,1,1,1,0,2,1,3,0,0,0,1
"NC_015771.1_11899",0,3,3,2,1,1,0,1,0,2,1,1,1,1,1,0,0,1
"NC_015775.1_15866",0,1,1,0,0,2,2,0,1,2,0,2,0,1,4,2,0,1
"NC_015763.1_2155",1,1,1,0,2,1,1,1,1,2,0,1,2,2,1,0,0,1
"NC_015771.1_12288",1,1,1,1,2,1,1,0,1,2,1,1,1,1,1,1,1,0
"NC_015773.1_14613",0,3,3,1,0,1,0,3,0,0,0,0,1,2,2,1,1,0
"NW_003566176.1_30894",0,0,0,4,0,2,0,2,2,0,0,3,1,2,0,0,1,1
"NW_003566408.1_34802",0,1,1,1,1,1,1,3,1,0,0,1,0,2,1,3,1,0
"NC_015776.1_17233",0,3,3,1,1,0,0,0,2,0,0,0,2,2,2,0,1,0
"NC_015777.1_18065",0,1,1,1,0,1,0,2,2,1,0,1,1,1,1,2,0,1
"NC_015765.1_6230",0,2,2,1,0,0,1,0,2,1,0,0,3,2,0,0,1,0
"NC_015768.1_8699",0,1,1,1,0,1,1,2,1,0,0,2,1,0,0,1,1,1
"NC_015771.1_11915",0,2,2,1,1,0,0,1,1,1,0,1,0,1,2,0,1,0
"NC_015779.1_19264",0,0,0,1,0,0,1,1,2,1,1,0,2,1,2,0,1,1
"NW_003566135.1_29581",0,1,1,0,0,0,0,1,2,1,1,2,1,1,2,0,0,1
"NC_015769.1_10121",0,2,2,1,0,1,0,0,2,1,1,1,0,0,1,0,0,1
"NC_015776.1_17161",0,1,1,0,2,0,0,2,0,0,1,1,1,1,1,1,0,1
"NW_003565947.1_25751",1,2,2,1,0,0,0,1,2,1,0,0,1,0,2,0,0,0
"NC_015767.1_7532",0,1,1,2,0,0,0,1,0,1,0,1,1,1,1,2,0,0
"NC_015762.1_1236",1,0,0,0,1,0,0,0,1,1,0,1,2,2,1,0,1,0
"NC_015774.1_15739",0,0,0,1,1,1,1,1,0,1,1,0,0,1,1,0,1,1
"NC_015765.1_6260",1,1,1,0,0,0,1,1,0,1,0,1,0,1,1,0,1,0
"NC_015771.1_11678",1,1,1,0,0,0,1,2,0,0,0,0,0,0,1,1,1,1
"NC_015773.1_14539",0,0,0,0,1,0,1,0,0,1,2,0,1,0,1,0,0,3
"NC_015776.1_17462",0,0,0,1,0,1,1,1,0,0,0,1,1,1,2,0,0,1
"NW_003566507.1_35851",0,0,0,1,0,1,0,0,1,1,0,0,1,0,1,0,1,1
"NC_015768.1_8655",0,0,0,0,0,1,0,0,0,1,0,1,1,1,0,0,0,1
"NC_015767.1_7531",0,0,0,2,0,0,0,1,0,0,0,0,0,0,0,1,1,0
"NW_003566176.1_30874",0,0,0,1,0,0,0,0,1,0,0,0,0,0,0,0,0,1
"NC_015773.1_14577",0,0,0,0,0,0,1,0,0,0,0,0,0,0,0,1,0,0
"NC_015763.1_2348",0,0,0,0,0,0,0,0,0,0,0,0,0,1,0,0,0,0
"bte-mir-275_MI0005733",356,535,535,451,493,503,424,513,470,512,361,499,555,521,554,397,444,468
"bte-mir-184_MI0001580",231,433,433,425,432,442,352,439,398,462,310,465,463,450,464,284,382,423
"bte-mir-2796_MI0016221",223,349,349,374,410,358,314,357,317,391,263,391,413,369,386,236,306,334
"bte-mir-8_MI0001595",182,393,393,306,354,365,295,340,344,362,241,356,436,344,375,272,294,325
"bte-let-7_MI0005726_",199,360,360,318,335,358,287,333,315,367,235,363,377,355,371,189,268,315
"bte-mir-317_MI0001593",179,305,305,210,267,274,209,310,270,266,178,293,305,265,319,236,256,245
"bte-mir-276_MI0001584",130,311,311,236,261,260,202,273,248,257,165,267,284,303,321,221,243,232
"bte-mir-71_MI0005741",144,282,282,243,298,280,207,286,243,280,176,291,310,271,281,188,219,238
"bte-mir-2-1_MI0001589_",81,231,231,117,148,216,164,260,152,141,103,193,178,289,299,145,173,154
"bte-mir-1_MI0001575",93,186,186,151,177,189,139,193,167,171,125,183,219,179,204,124,144,164
"bte-mir-375_MI0005740",61,192,192,157,185,173,152,164,192,178,140,162,187,164,161,132,160,166
"bte-mir-12_MI0001576",52,179,179,142,151,171,152,170,149,174,92,161,171,175,209,126,152,141
"bte-mir-279c_MI0016216",76,180,180,134,158,153,123,169,141,153,112,170,158,156,178,108,125,147
"MC218_None",69,170,170,134,161,139,136,154,143,171,101,166,143,172,178,101,133,159
"MC65_None",173,110,110,156,121,196,174,149,158,129,191,130,116,130,124,104,158,142
"MC64_None",68,167,167,133,154,137,133,155,140,167,100,159,141,168,174,100,131,157
"bte-mir-996_MI0010610",78,150,150,139,125,149,116,149,126,147,80,154,169,146,177,100,127,124
"bte-mir-279a_MI0005734",46,152,152,119,133,146,108,152,124,158,83,130,170,159,169,98,110,142
"bte-mir-2944_MI0016203",193,71,71,122,88,187,154,121,128,102,198,100,108,93,125,103,136,99
"MC2238_None",56,148,148,103,137,137,101,155,116,117,64,116,122,133,172,112,124,110
"bte-mir-750_MI0016245",48,154,154,100,119,137,90,146,123,116,61,138,118,135,149,94,108,108
"MC1917_None",53,143,143,115,112,114,94,126,116,143,75,126,126,149,150,89,99,116
"bte-mir-277_MI0001585",36,123,123,84,99,99,75,94,103,106,56,99,117,102,132,80,87,90
"bte-mir-11_MI0016136",58,109,109,83,77,87,73,98,85,85,68,91,108,94,101,73,84,89
"bte-mir-9a_MI0001596",35,95,95,67,80,93,61,96,74,83,51,87,109,96,117,56,75,62
"bte-mir-3477_MI0016213",29,97,97,65,75,91,57,72,82,79,45,73,102,85,104,52,84,76
"bte-mir-13b_MI0010609",32,87,87,63,74,87,63,107,74,75,50,78,73,83,111,75,80,61
"bte-bantam_MI0001574_",37,89,89,72,83,93,46,87,86,69,41,88,93,78,99,46,49,76
"MC295_None",21,99,99,63,97,80,38,81,83,91,33,90,86,80,77,47,54,55
"bte-mir-306_MI0016209",24,85,85,55,56,68,49,59,60,65,24,72,64,79,83,43,56,56
"MC1030_None",104,29,29,64,24,70,74,57,77,29,102,37,26,43,42,51,60,46
"bte-mir-3759_MI0016162",40,54,54,47,43,27,29,45,42,37,66,37,33,41,45,26,29,41
"bte-mir-993_MI0010620",17,59,59,31,48,42,33,40,38,49,18,49,57,41,49,24,28,33
"bte-mir-315_MI0001592",21,44,44,31,31,39,33,39,28,42,28,36,37,43,55,33,32,38
"bte-mir-133_MI0001579",20,49,49,23,23,29,28,47,51,25,27,30,20,53,58,41,39,27
"MC1427_None",16,36,36,36,32,37,24,37,36,43,26,41,38,45,48,27,36,30
"bte-mir-7_MI0001594",12,38,38,33,32,50,22,37,32,33,25,38,43,27,44,32,31,26
"bte-mir-92b_MI0010612",21,44,44,32,30,40,26,34,40,28,22,30,36,46,40,21,33,26
"bte-mir-3785_MI0016194",12,49,49,31,44,33,21,38,27,43,19,43,36,28,38,21,26,31
"bte-mir-6001_MI0020211",13,45,45,33,42,35,26,41,35,44,21,30,34,31,29,19,31,25
"bte-mir-307_MI0016139",13,36,36,16,23,24,31,26,33,29,18,26,24,40,36,46,27,28
"bte-mir-125_MI0001578",12,29,29,19,27,27,16,33,22,27,16,29,35,31,38,17,23,17
"bte-mir-6037_MI0020304",11,22,22,23,21,28,22,25,23,33,19,24,30,30,32,19,22,22
"bte-mir-3718a_MI0016150",16,26,26,22,16,18,27,33,32,24,11,21,17,30,36,26,24,19
"bte-mir-3730_MI0016228",10,31,31,19,19,19,17,29,24,25,16,19,28,23,33,19,18,21
"bte-mir-279b_MI0016201",60,11,11,23,12,27,27,17,20,10,62,16,13,9,14,16,21,12
"bte-mir-3786_MI0016195",9,24,24,25,21,22,15,17,23,25,19,27,28,17,20,16,17,21
"bte-mir-281_MI0001587",8,20,20,19,21,22,11,24,23,18,13,17,19,22,25,19,26,18
"bte-mir-980_MI0016244",9,22,22,19,21,20,9,18,20,17,8,20,20,23,30,13,12,19
"bte-mir-iab-4_MI0001598",8,19,19,20,12,19,10,14,19,16,7,21,25,20,24,10,17,12
"MC314_None",10,17,17,14,16,14,16,14,16,17,7,17,23,15,17,13,13,13
"MC848_None",8,15,15,16,15,15,13,16,13,17,8,13,20,16,22,18,14,15
"bte-mir-2765_MI0020216",9,13,13,9,11,8,15,14,11,11,10,10,12,14,17,10,18,9
"bte-mir-124_MI0001577",4,18,18,12,14,10,5,13,10,15,6,15,11,12,17,7,7,10
"bte-mir-193_MI0016138",2,13,13,6,11,5,7,9,5,12,7,6,10,11,11,6,8,7
"bte-mir-932_MI0005754",3,11,11,8,9,8,5,9,7,8,4,7,5,10,13,5,5,8
"bte-mir-2788_MI0016140",4,14,14,6,6,4,5,7,4,6,6,7,7,9,8,8,7,6
"MC1211_None",4,11,11,5,5,5,4,7,7,7,6,9,6,8,10,7,8,7
"MC732_None",4,8,8,4,8,5,5,9,3,8,8,6,6,10,8,7,6,4
"bte-mir-3715_MI0016227",4,5,5,3,3,4,2,5,2,5,5,4,3,6,5,8,4,5
"bte-mir-29b_MI0005736",3,6,6,4,5,4,3,6,3,4,4,4,4,5,5,3,2,3
"MC37_None",2,1,1,7,3,5,2,1,2,2,1,4,2,5,5,3,4,3
"bte-mir-6039_MI0020306",0,2,2,2,2,2,2,7,1,3,1,2,1,3,2,2,1,2
"MC476_None",1,2,2,0,3,3,3,0,3,3,1,1,1,0,1,0,1,2
